action,path,archived_to
kept,result\FR1\DK1\20260423_150356,
archived,result\FR1\DK1\20260423_220229,result\FR1\DK1\_archive_duplicates\20260423_220229
archived,result\FR1\DK1\20260423_233103,result\FR1\DK1\_archive_duplicates\20260423_233103
kept,result\FR1\DK1\20260424_085816,
archived,result\FR1\DK1\20260424_105854_t0005_w8_m8_pt095,result\FR1\DK1\_archive_duplicates\20260424_105854_t0005_w8_m8_pt095
archived,result\FR1\DK1\20260424_111134_t001_w8_m8_pt095,result\FR1\DK1\_archive_duplicates\20260424_111134_t001_w8_m8_pt095
archived,result\FR1\DK1\20260424_112028_t0005_w8_m8_pt095,result\FR1\DK1\_archive_duplicates\20260424_112028_t0005_w8_m8_pt095
archived,result\FR1\DK1\20260424_112028_t001_w8_m8_pt095,result\FR1\DK1\_archive_duplicates\20260424_112028_t001_w8_m8_pt095
archived,result\FR1\DK1\20260424_112219_t0005_w8_m8_pt095,result\FR1\DK1\_archive_duplicates\20260424_112219_t0005_w8_m8_pt095
archived,result\FR1\DK1\20260424_112225_t001_w8_m8_pt095,result\FR1\DK1\_archive_duplicates\20260424_112225_t001_w8_m8_pt095
archived,result\FR1\DK1\20260424_112624_t0005_w8_m8_pt095,result\FR1\DK1\_archive_duplicates\20260424_112624_t0005_w8_m8_pt095
archived,result\FR1\DK1\20260424_112624_t001_w8_m8_pt095,result\FR1\DK1\_archive_duplicates\20260424_112624_t001_w8_m8_pt095
kept,result\FR1\DK1\20260424_114127_t0005_w8_m8_pt095,
kept,result\FR1\DK1\20260424_115418_t001_w8_m8_pt095,
kept,result\FR1\DK1\20260424_124912_t0005_w8_m2_pt090,
kept,result\FR1\DK1\20260424_130315_t001_w8_m2_pt090,
kept,result\FR1\DK1\20260424_170957_p0005_e0005_w8_m2_pt090_b095,
kept,result\FR1\DK1\20260424_172346_p0005_e001_w8_m2_pt090_b095,
kept,result\FR1\DK1\log_recovered_20260423,
